NbMobile;UR
0;0.0
1;1.266325224071703
2;1.4169636493228794
3;1.5093011563599799
4;1.5603279968762203
5;1.5935320228281546
6;1.6122448979591837
7;1.6244186046511628
8;1.635861786955633
9;1.6616
10;1.665
11;1.666
12;1.6664
13;1.6666
14;1.6666
15;1.6666
16;1.6666
