NbMobile;UR
0;0.0
1;1.2684478371501273
2;1.2697704081632653
3;1.2679022746419546
4;1.2705544933078394
5;1.2708121827411167
6;1.2689200680272108
7;1.2706
8;1.269
9;1.2694
10;1.2694
11;1.2694
12;1.269
13;1.2698
14;1.2698
15;1.2696
16;1.2692
